date,username,text,hashtags,mentions,retweets,favorites,to
2020-08-22 19:22:56+00:00,DMMDAO,We're thrilled to announce the $DMG Governance Token has been officially listed on @kucoincom The DMG/USDT market is now open enabling seamless entry into the DMM ecosystem and DAO community ,,@kucoincom,106,390,
2020-08-22 08:31:52+00:00,LadyCryptoo,"#DMM Ecosystem (DMG), another great #DeFi project now available on #KuCoin Exchange! The DMM DAO governance token, DMG, is the tool through which the community governs and grows the DMM ecosystem and the underlying protocol. #Cryptocurrency #Exchange",#DMM #DeFi #KuCoin #Cryptocurrency #Exchange,,0,16,
2020-08-21 19:26:03+00:00,crypto1618,"Honest question. Whats the $dmg token good for? Only governance correct? The 6.25% APY comes from depositing BTC/ETH/USDT/DAI and thats not paid out in $dmg I hold some but I don't see the value on voting. No one cares, they just want the evaluation to go up.",,,0,0,ChocolateMastr
2020-08-21 15:12:24+00:00,Definews_Info, #DeFi Money Maker @DMMDAO governance token $DMG was listed on @kucoincom exchange Tradeable against #USDT pair &amp; withdrawal function also available INFO https://bit.ly/32hNx0G #DefiNews #SmartLiquidity #KuCoin @coinkit_ mon 25 200 BTC #DMG,#DeFi #USDT #DefiNews #SmartLiquidity #KuCoin #DMG,@DMMDAO @kucoincom @coinkit_,32,119,
2020-08-21 14:30:34+00:00,El_Crypto_Chapo,"$DMG / $ETH Just listed on Kucoin today - expect an increase in volume. DeFi governance token with mcap ~$40M, a lot of upside here IMO. ",,,0,0,
2020-08-21 13:33:16+00:00,cmcal_bot, New DMM: Governance $DMG event! 21 August 2020 KuCoin Listing Source: https://coinmarketcal.com/en/event/kucoin-listing-41392,,,1,3,
2020-08-21 10:11:08+00:00,TheCryptoCrybby,$DMG (the real pump hasn’t even begun) #DMG #DMM: Governance just added to #Kucoin under $USDT not many are aware it’s there yet ,#DMG #DMM #Kucoin,,0,2,
2020-08-21 10:02:41+00:00,coins_flare,View listing details now on: https://coinsflare.com/events/cryptocurrency-listed/dmm-governance/kucoin DMM: Governance ( DMG ) listed on Kucoin @kucoincom #crypto #cryptocurrency $DMG,#crypto #cryptocurrency,@kucoincom,0,0,
2020-08-21 06:42:34+00:00,BBhodler,Bought and holding onto $MTA $UMA It's probably the last 2 tokens for governance that hasn't been listed on big exchanges. Both have products and am working well. Let's get rich! $SNX $FLOW $LEND $keep $yfi $yfii $trb $dmg $KAVA,,,0,3,
2020-08-18 13:00:15+00:00,BuggerSee,"1/ $DMG is the Governance Token of the #DMM DAO. As $DMG Holder you have a say in the #DMM DAO. In my opinion, @DMMDAO does a lot of things right, even though the project is still so young.",#DMM #DMM,@DMMDAO,1,5,
2020-08-17 11:06:45+00:00,cryptic_monk,"DMG, DMM's governance token. ICO'd at somewhere below 50c, now at 1$40. It's a project offering interest-bearing assets based on real-world high yield credit (beat up cars mostly, I wish I were joking). Lots of alarm bells with this one...",,,0,11,
2020-08-17 03:58:24+00:00,Vnreplay_chaner,Hidden gem i have follow $DMG DMM: Governance $CELO Celo $AR Arweave $UMA UMA $REL Relevant,,,1,4,
2020-08-16 22:19:52+00:00,alexhir,"DMM Governance 1-Week Twitter Volume has hit 6,068 tweets on @LunarCRUSH. View all $dmg social metrics at https://lunarcrush.com/api/link/p:_coins_dmg_dmm-governance-s:dmg-c:mc-t:cw-m:twitter_volume-th:l-i:1w #dmmgovernance",#dmmgovernance,@LunarCRUSH,0,1,
2020-08-15 22:33:05+00:00,Cryptoman5566,what happens when the yield farmers finds out that the utility in $bree is to increase the value of the governance tokens they are holding? $mkr $yfi $akro $snx $dmg $comp,,,1,7,
2020-08-15 20:53:07+00:00,chainlinkwizard,what happens when the yield farmers finds out that the utility in $bree is to increase the value of the governance tokens they are holding? $mkr $yfi $akro $snx $dmg $comp pic.twitter.com/UtjtYSMukF,,,9,49,
2020-08-14 12:35:12+00:00,Capitalist1911,"personally, I'm avoiding them all except for DMG (governance token of defi money market) what are your thoughts on the @DMMDAO project?",,@DMMDAO,2,3,VitalikButerin
2020-08-13 17:27:29+00:00,Cryptocito, $DMG Governance Dashboard is finally live! First proposal: add support for $USDT Wallet activated Time to vote @defimoneymarket,,@defimoneymarket,0,4,
2020-08-13 17:20:40+00:00,DMMDAO,The mUSDT proposal vote is now live on DMM Governance Dashboard! DMG token holders who have activated their wallet will be able to participate and be able to vote FOR or AGAINST this proposal The #DMM DAO is in full motion ,#DMM,,57,168,
2020-08-13 10:52:36+00:00,klerosT2CR,#DMM:Governance $DMG has been accepted into the list.,#DMM,,0,1,
2020-08-13 07:26:21+00:00,needmoarLink,If $YAM can make people go this crazy over farming a governance token with no inherent value behind it. Imagine how the market will react to farming a project like $DMG that has the inherent ability to govern the distribution of revenue made from loans on real-world assets $LINK,,,0,7,
2020-08-13 02:02:13+00:00,ahalamin_X,Learn More About the Overall Tokenomics of CBDAO (BREE): https://medium.com/@coinbreeder/tokenomics-of-cbdao-bree-a622fca12907 - Staking $BREE - Farming $BREE with governance assets such as $COMP $MKR $SNX $BAL $DMG $AKRO - Burning mechanisms (votes &amp; fees) #Bree #DeFi #CBDAO,#Bree #DeFi #CBDAO,,1,4,
2020-08-12 21:45:04+00:00,LunarCRUSH,"DMM Governance sentiment has hit 82.4% bullish, giving $dmg the highest sentiment of any coin across the entire crypto market today. This translates into: 834 total posts 755 bullish posts 63 neutral posts 16 bearish posts View all #dmmdao metrics at https://lunarcrush.com/api/link/p:_coins_dmg_dmm-governance-s:dmg-c:mc-t:cw-m:average_sentiment-th:d-i:1d #defi",#dmmdao #defi,,21,54,
2020-08-11 17:33:46+00:00,Cryptoman5566,"If you are not buying $sbree now, you are doing it wrong. Around 10 million cap only. Staking and Farming coming in approx 2 weeks. And Governance few weeks after that. Farme $bree soon with assets like $dmg $akro $yfi $bal $mkr #defi",#defi,,0,5,
2020-08-11 17:06:11+00:00,khal_hodl,"If you are not buying $sbree now, you are doing it wrong. Around 10 million cap only. Staking and Farming coming in approx 2 weeks. And Governance few weeks after that. Farme $bree soon with assets like $dmg $akro $yfi $bal $mkr #defi",#defi,,5,22,
2020-08-11 04:46:20+00:00,BBhodler,Trends in the market for tier 1 exchanges. 2017: list everything that is blockchain. 2020: list everything that is governance. $MTA $UMA $DMG $CRV $JST $COMP $MKR $BAND $RUNE $SNX $LEND $KAVA $BZRX #alphaleaked,#alphaleaked,,1,5,
2020-08-11 02:57:11+00:00,zshuaipku,DMM governance $DMG,,,0,4,HuobiGlobal
2020-08-10 23:22:35+00:00,Eeyoreismoney,"3/ The native $BREE token is used within the CBDAO, but can also be earned by staking on the platform, or by staking *other* governance tokens like: Maker ($MKR), Compound ($COMP), Synthetix ($SNX), Yearn ($YFI), Balancer ($BAL), DMM Governance ($DMG), and Akropolis ($AKRO).",,,1,6,
2020-08-10 22:31:23+00:00,0xfactor1,$dmg is a governance token. If you don't vote the decision will be made for you. This could be bad for you if the decision is wrong. If you do not consider yourself a savvy crypto mind it probably benefits you to not vote &amp; just hold. We will try to vote in your best interest.,,,0,2,CryptoJackMan
2020-08-10 20:18:57+00:00,DMMDAO,Activating your wallet means you are delegating your $DMG voting power to yourself This needs to be done before a vote begins because a snapshot of everyone's voting power is taken right when it starts This is done to preemptively mitigate flash loan governance attacks ,,,10,46,
2020-08-10 20:18:57+00:00,DMMDAO,Calling all $DMG governance token holders Be sure to head over to http://dao.defimoneymarket.com and activate your wallet in the vote tab to ensure you will be able to participate in the upcoming $mUSDT proposal! Step by step walkthrough can be found below,,,57,161,
2020-08-10 17:38:00+00:00,toshiblackone,"Swap from $LEND to governance $AAVE at 100:1 soon. Yes, $AAVE X100 from 1$. Why? Because $LEND 1$before swap. DYOR mate And don't forget : $SXP x5 this month $XGM x1000 in 2 months $ANKR $IRIS $CELR $REN $RUNE $DMG $LINK $KNC $ALGO $WAN $XTZ $AMPL",,,0,1,
2020-08-10 13:40:42+00:00,LunarCRUSH,"On top of a +15.68% jump in price, DMM Governance Social Volume has hit a new 24-hour high with 1,857 social mentions. View all $dmg social metrics at https://lunarcrush.com/api/link/p:_coins_dmg_dmm-governance-s:dmg-c:mc-t:cw-m:social_volume-th:d-i:3m #dmmgovernance @DMMDAO",#dmmgovernance,@DMMDAO,20,54,
2020-08-10 09:48:54+00:00,BBhodler,"With more and more governance tokens such as $YFI listing on binance, I will be expecting the trend to continue for $MTA, $YFII &amp; $DMG? I have personally just all in into $MTA My bets are 3months binance/huobi/coinbase. Let's go!",,,0,4,
2020-08-09 19:39:31+00:00,KTFCrypto,"$BREE making moves @CoinBreeder Following assets can be used to farm $BREE 1,5-40% APY – Maker (MKR) – Compound (COMP) – Balancer (BAL) – Synthetix Network Token (SNX) – DMM Governance (DMG) – Akropolis (AKRO) #defi#uniswap#gems#eth",,@CoinBreeder,0,5,
2020-08-09 14:09:19+00:00,parachutetoken," Now on #ParJar Wallet: $DMG @DMMDAO pushes next level #DeFi - empowering anyone to earn interest on crypto, backed by real assets represented on-chain. The protocol governance of the ecosystem is done by the community through the $DMG token. https://defimoneymarket.com/",#ParJar #DeFi,@DMMDAO,58,81,
2020-08-08 04:42:50+00:00,klerosT2CR,#DMM:Governance $DMG requests to be added to the list. Verify the token listing is correct. If you challenge and win you will take the deposit of 0.32 #ETH Token Address: https://bit.ly/3g4lt6K Listing: https://bit.ly/33FM074,#DMM #ETH,,0,1,
2020-08-07 22:43:20+00:00,JoeDirt202020,Accumulating $DMG defi governance token here. Stud of a defi project. Users can earn 6.25% APY on their crypto generated from resl world assets. $DMG holders can exercise a claim on the excess revenue generated by the real world assets in the future. Passive income baby.,,,1,8,SatoshiFlipper
2020-08-07 16:44:18+00:00,BCC_Community,"DMM Governance; DMG is an ERC20, a token, it's not a blockchain and it's not PoS. Ethereum birthed all the biggest ponzi smart contracts and BitCoin faux-PoS lending still prevalent BCC, bitconnect platform coin; is just a full-node GUI, Satoshi client, proof of stake blockchain.",,,0,0,Cryptocito
2020-08-07 11:37:02+00:00,FieldFreeWill,The problem with $dmg is that the token doesn't really have any utility other than governance. To use the DMM Dao service you dont need the $dmg token ... is this right?,,,0,1,
2020-08-07 03:18:04+00:00,30YOsinner,"$dmg wow, sell all of this. A governance token to manage a junk yard. Scams are getting obvious. Just invest in currency coins. $ltc $btc",,,0,0,
2020-08-06 23:55:36+00:00,klerosT2CR,#DMM:Governance $DMG has been rejected from the list. The challenger has won the deposit of 0.32 ETH,#DMM,,0,0,
2020-08-06 21:03:03+00:00,69SmellMyFinger,"I'm in on... $SXP - working visa card &amp; app, Binance owned, staking, DeFi, built in governance and more $DMG - real world link could bring in big money $PIE - I like pies",,,2,9,moonshilla
2020-08-06 19:03:53+00:00,stinkielinker33,Bruh come on. Think about this. DeFi Money Market is a decentralized bank. In the simplest terms. $dmg is a governance token. They literally don’t want us to have it. Fuck the price rn. It’s not like we were gonna sell it at $5 or even $10 tomorrow,,,1,6,LinkBall7
2020-08-06 18:19:38+00:00,Capitalist1911,DMG token a governance token of DMM (Defi Money Market) https://youtu.be/pHsBvMVqVxM,,,3,5,xrp_mami
2020-08-06 16:12:39+00:00,DMMDAO,"The #DMM DAO Governance Dashboard is live! Check it out at http://dao.defimoneymarket.com Make sure to activate your wallet to be eligible to vote using $DMG in upcoming proposals, the first vote will be taking place soon regarding the addition of $USDT",#DMM,,112,325,
2020-08-06 16:11:08+00:00,cristooncrypto,Listen $DMG fans. Ejaaz from COINBASE just hinted that they were incentivizing governance tokens and yield farming via coinbase earn- said he can’t say specifics but smiled at the DMG hint. Holy shit this is huge... watch it here https://app.hopin.to/events/global-defi-summit/stages/2da7d75d-acb6-40f1-927d-99a55ebad35d,,,0,0,
2020-08-06 12:37:56+00:00,MrDeFi2020,I switched my $dmg governance to sxp after learning they did not have a business partnership with coinbase. Now $sxp retract their $sgv governance plans at the 11th hour. ,,,0,0,SwipeWallet
2020-08-06 12:16:09+00:00,HackermanAce,"$dmg still holding I have a feeling that ""governance"" tokens will be the new hype phase shortly. *begs in $zrx",,,0,2,
2020-08-06 05:33:05+00:00,CannaCollectiv2,"*correction: the DMG token is their governance token, which does not give the 6.25%, only mTokens minted from the above 3 currencies do*",,,0,0,
2020-08-06 05:24:43+00:00,CannaCollectiv2,"Gonna be a fun day for some of these #DeFi tokens, namely $DMG DMM Governance tokens which give a consistent 6.25% APR for mTokens. This mean you can swap #ETH, #USDC or #DAI... held by #smartcontracts, provable on-chain. The future of finance is here! #GlobalDeFiSummit #BTC",#DeFi #ETH #USDC #DAI #smartcontracts #GlobalDeFiSummit #BTC #BTC,,0,3,
2020-08-05 22:46:37+00:00,stinkielinker33,Ceo is cia & $dmg is a governance token. They really don’t want you to have any.,,,0,8,
2020-08-05 22:21:00+00:00,CannaCollectiv2,https://dao.defimoneymarket.com/governance/proposals $DMG token has finally launched their governance dashboard! Now we can use the #DMG for voting on proposals. Tomorrow they should be at the Global #DeFi Summit... Perfect storm brewing for a further price rally. #ETH #Ethereum #DeFiMoneyMarkets #BTC,#DMG #DeFi #ETH #Ethereum #DeFiMoneyMarkets #BTC #BTC,,0,2,
2020-08-05 21:54:34+00:00,LLLuckyL,$DMG is a governance token.,,,0,1,LLLuckyL
2020-08-05 21:47:47+00:00,Juan_Snow1,"Next up will be the first governance proposal followed by yield farming $DMG governance tokens on top of earning a stable 6.25% APY with your ETH, DAI, and USDC tokens. Details to follow. ",,,3,17,
2020-08-05 15:02:11+00:00,CrypTopResearch,"$DMM $DMG DMM: Governance (DMG) @DMMDAO Ready for next leg up? One big exchange is imminent, that will definitely push the price back.",,@DMMDAO,1,2,
2020-08-05 03:28:38+00:00,AngelHe70373239,"Current AltRank™ for DMM Governance is 33 out of 1815 24H Activity 3.7% price change 623 social post mentions 605,933 social engagements https://lunarcrush.com/api/link/p:_coins_dmg_dmm-governance-s:dmg-c:ar-t:cw-n:alt-rank-th:d-i:1w $dmg #dmmgovernance",#dmmgovernance,,0,1,
2020-08-04 10:15:02+00:00,OKEx,"#AMA: All about the value of real-world assets in #DeFi &amp; how @DMMDAO makes its governance model $DMG a reality! : @CoreyCaplan3, CTO of DMM : Aug 7 13:00-14:00 (UTC) Leave your Qs in the form https://bit.ly/2ELJhyt for a chance to win up to 600 $DMG! ",#AMA #DeFi,@DMMDAO @CoreyCaplan3,96,192,
2020-08-03 08:58:42+00:00,TraderLenny,$DMG | $USD Update The amount of volume being moved in these last 2 candles is beyond impressive. We've also go the upcoming DeFi conference in combination with the governance dashboard to be released later this week. I've got a good feeling. ,,,5,18,
2020-08-02 19:01:38+00:00,CannaCollectiv2,"DeFi Money Market Governance token (#DMG) is another token I have had my eyes on for a while. Finally got the chance to buy it close to a $1 price target. This is a fork of the $COMP token, which listed on Coinbase. It gives a 6.25% APY on #DAI/#USDC",#DMG #DAI #USDC,,0,1,
2020-08-01 15:10:49+00:00,Cryptoman5566,"#DMM DAO Governance Dashboard sneak peak First $DMG powered community vote to go live in the near term, more details to follow ",#DMM,,0,0,
2020-08-01 15:00:01+00:00,DMMDAO,"#DMM DAO Governance Dashboard sneak peak First $DMG powered community vote to go live in the near term, more details to follow ",#DMM,,129,412,
2020-08-01 14:31:12+00:00,Cryptoman5566,@DMMDAO's CTO @CoreyCaplan3 shed some light into their roadmap coming in the future: 1) Gov dashboard 2) Yield farming 3) Further collaboration with Chainlink 4) Staking Governance dashboard for $DMG holders coming very soon. This is just getting started Easy 10x by EOY,,@DMMDAO @CoreyCaplan3,0,0,
2020-08-01 13:58:55+00:00,Blakochain,@DMMDAO's CTO @CoreyCaplan3 shed some light into their roadmap coming in the future: 1) Gov dashboard 2) Yield farming 3) Further collaboration with Chainlink 4) Staking Governance dashboard for $DMG holders coming very soon. This is just getting started Easy 10x by EOY ,,@DMMDAO @CoreyCaplan3,16,37,
2020-08-01 10:03:40+00:00,knrd24,#Chainlink &amp; #DMM Governance $LINK $DMG ,#Chainlink #DMM,,0,2,Crypto___Oracle
2020-07-31 23:13:35+00:00,bitcowcoin,"Why Invest in $DMG ? - Yield farming coming soon - Staking coming soon - Governance dashboard : aviation as new asset, USDT onboarding - App for onboarding of mTokens announced at summit! - Exchanges to integrate mTokens into their CEX - first @OKEx So much to come!",,@OKEx,3,30,DMMDAO
2020-07-31 21:40:42+00:00,bitcowcoin,$DMG @DMMDAO Announcing governance dashboard tonight! - Vote on $USDT as a pairing to earn 6.25% interest. - Vote on adding aviation as an asset class to generate real-world income To come very soon: - Yield farming - Staking @cryptomocho - shout me out when this goes &gt;$2 pls,,@DMMDAO @cryptomocho,0,3,
2020-07-31 15:54:45+00:00,thelionshire,4. I see positives in the $DMG as governance and revenue - but also see the positive in the m tokens. I hold both $DMG and mETH tokens (eth with 6.25%). If they can get exchanges on board then the m token pool will grow quite large and generate significant revenue imo.,,,0,1,thelionshire
2020-07-31 15:50:22+00:00,thelionshire,2. Will be to add airplanes to the loan pool and then also vote on excess rewards (either burn or give to $DMG holders). The end goal is that the assets generate enough income so that $DMG holders get very attractive passive income and governance rights.,,,0,4,thelionshire
2020-07-31 15:49:21+00:00,thelionshire,"1. $DMG is the utility / governance token. Used to vote on proposals (such as adding more assets, reward rates, etc). The project is almost brand new, so the first vote hasn’t happened yet - the voting dashboard should be completed this week. Once that happens, the first votes",,,0,5,ScruFFuR
2020-07-31 01:55:07+00:00,FAGFinance,Why is every DeFi entity talking about governance tokens? Why would you create these big brained platforms and then just let normies ruin it? $LEND $BNT $AAVE $KNC $DMG,,,0,1,
2020-07-29 11:16:03+00:00,maarnio,Crypto Contest July 29: DMM Governance Token $DMG — LeoFinance ,,,0,2,
2020-07-29 02:27:01+00:00,klerosT2CR,Token Challenged! #DMM:Governance $DMG is headed to court https://bit.ly/30P387a,#DMM,,0,1,
2020-07-29 00:26:48+00:00,klerosT2CR,#DMM:Governance $DMG requests to be added to the list. Verify the token listing is correct. If you challenge and win you will take the deposit of 0.32 #ETH Token Address: https://bit.ly/3g4lt6K Listing: https://bit.ly/30P387a,#DMM #ETH,,0,1,
2020-07-28 23:33:42+00:00,digiknowassets,$DMG @DMMDAO “DMM DAO Governance Dashboard and New Ecosystem Updates” by Zachary Rynes ,,@DMMDAO,0,3,CharlieShrem
2020-07-28 21:37:03+00:00,kking1367,"DMM/DMG governance token, a couple of weeks out and when it gets on major exchanges boom, moon!",,,0,0,_JohnWhelan
2020-07-28 18:04:48+00:00,luhosenpai,"6/ $DMG is DMM DAO's governance token, giving holders the right to oversee the DMM ecosystem by voting over the addition of new assets, and earn a stake in the yield not paid out to mToken holders. $DMG is also a fork of @compoundfinance's $COMP token with a native burn function.",,@compoundfinance,1,10,
2020-07-24 22:21:28+00:00,icryptopreneur,#DMM REVIEW The DMM Governance Token $DMG Can easily 100X and Make You A Millionaire By 2021 A #DeFi Project That Earns Investors A Fixed APR Of 6.25% Guaranteed Full Review: https://youtu.be/9yf18TETG-U #DeFi @scoinaldo @APompliano @DMMDAO #DAO #ethereum #Bitcoin #dmg ,#DMM #DeFi #DeFi #DAO #ethereum #Bitcoin #Bitcoin #dmg,@scoinaldo @APompliano @DMMDAO,1,12,
2020-07-24 15:17:23+00:00,luhosenpai,"#FF #DMM governance squad $DMG @DefNotTheIRS @cryptosporium @Von_Trillion @cryptowookiee @BloodyChuck @penguinmarty @CryptoJu1c3 @MikeG_defi_life @andromeda_IX @AT_Ultra @AkuRypto @LLLuckyL @LinkFighterOG @HackermanAce special FF @stinkielinker33, absolute king We just fly ",#FF #DMM,@DefNotTheIRS @cryptosporium @cryptowookiee @BloodyChuck @penguinmarty @CryptoJu1c3 @MikeG_defi_life @andromeda_IX @AT_Ultra @AkuRypto @LLLuckyL @LinkFighterOG @HackermanAce @stinkielinker33,8,31,
2020-07-23 17:48:12+00:00,FieldFreeWill,@luhosenpai $dmg how you go about earning interest if you hold the governance token?,,@luhosenpai,0,0,
2020-07-23 17:21:43+00:00,CryptoI75232373,$rari @rariblecom making moves. Huge potential. The first governance token in the NFT space. Easy buy on Uniswap. $rsr $ghost $link $mima $Dos $dmg $dmm $doge $aleph $asko $akro $lto $coti $btc $vet $ocean $dag $eth $mbc $dext $fma $flapp $cap $orn $swap $aleph $ampl $sxp $noia,,@rariblecom,0,3,
2020-07-23 10:58:03+00:00,CryptoScumbag,DMM: Governance ( $DMG ) is a prime example ,,,0,2,Brad_Laurie
2020-07-23 09:15:44+00:00,cloudzombi,Sorry... the governance token is $DMG - DMM is the platform ,,,0,2,cloudzombi
2020-07-22 20:25:31+00:00,CryptoI75232373,Took my first position in $rari @rariblecom. The first governance token in the NFT space. Easy buy on Uniswap. $rsr $ghost $link $mima $Dos $dmg $dmm $doge $aleph $asko $akro $lto $coti $btc $vet $ocean $dag $eth $mbc $dext $fma $flapp $cap $orn $swap $aleph $ampl $sxp $noia,,@rariblecom,0,1,
2020-07-22 19:52:53+00:00,Satsbuyer,This is the DEFI project I am accumulating for past week $DXD by @Dxdao_ Mcap ~ 2mil Avg buy : $90 Dapps powered by $DXD @mesa_eth @dxswap @Omen_eth @Rails_eth Taking part in governance of $DMG too More to come They are building strongly and will be picked up soon.,,@Dxdao_ @mesa_eth @dxswap @Omen_eth @Rails_eth,4,14,
2020-07-22 08:43:38+00:00,no_financial,Cars = $DMG ... Huboi listing DMM: Governance today. ,,,0,2,HuobiGlobal
2020-07-22 07:37:59+00:00,JayHao8,"Every Friday is #OKExDeFi Roundtable time. After @MakerDAO and @compoundfinance, we're pleased to invite @CoreyCaplan3 , CTO of @DMMDAO to discuss all things around the value of real-world assets in #DeFi, and the governance model of $DMG. Mark your calendar ",#OKExDeFi #DeFi,@MakerDAO @compoundfinance @CoreyCaplan3 @DMMDAO,54,138,
2020-07-22 05:01:43+00:00,krypto_maverick,"The governance dashboard is coming along even faster than initial estimate (which will open up so much more ability for $DMG holders to get involved), we’re seeing the number of mAssets purchased going up about $100k per day",,,2,8,
2020-07-21 11:59:49+00:00,linkchainlink,6.25% interest annually paid in eth dai or usdc In return for mAssets which you can eventually trade with (interest bearing) Dmg is the governance token and it's basically shares in a Decentralised bank Make link atleast 90% of your folio though,,,0,3,LukaHimself
2020-07-21 04:57:38+00:00,CoinBreeder,To be launched soon Farm CoinBreeder #DAO (BREE Tokens) with other #DeFi governance assets such as $COMP $BAL $MKR $DMG $SNX $AKRO Staking your $BREE to earn 40% APY (initial staking rates). Learn More @http://coinbreeder.com @cctip_io draw 0.01 ETH 500 #DeFi,#DAO #DeFi #DeFi,@cctip_io,133,190,
2020-07-20 22:01:38+00:00,OtsukimiCrypto,Adding to the beginning of this week today. I needed to buy my lunch so I’ll be adding one day less. Previous Balance: $196.97 Adding: $41.17 My picks: $DEC Decentr $DMG DMM Governance New Balance: $238.13 (0.026 BTC),,,0,9,
2020-07-20 14:24:42+00:00,_0_KY_0_,Any reason why you are not available on #DeltaDirect already DMM: Governance ? Love @get_delta ! #dmmgovernance #dmg $DMG,#DeltaDirect #dmmgovernance #dmg,@get_delta,0,2,
2020-07-19 21:57:29+00:00,BerlyChain,Thanks #Swipe my portfolio looks like this: VeChain $VET Holochain $HOT Swipe $SXP Augur $REP Binance $BNB Kyber $KNC Zilliqa $ZIL Decentr $DEC Reserve Rights $RSR DMM: Governance $DMG Unibright $UBT RUNE $RUNE LCX $LCX #Crypto ,#Swipe #Crypto,,3,28,
2020-07-19 17:58:36+00:00,cylwild,How can i farm $BREE holding any of this – Synthetix Network Token (SNX) – DMM Governance (DMG),,,0,0,CoinBreeder
2020-07-19 17:38:35+00:00,CoinBreeder," To grow the initial user base with users who are already familiar with decentralized consensus protocols on #DAO, $BREE Tokens will be farmable by simply holding other governance assets such as $MKR $COMP $SNX $AKRO $BAL $DMG Do you hold any of these #DeFi assets? ",#DAO #DeFi,,0,5,
2020-07-19 16:33:12+00:00,AkuRypto,"You'll make more money in this market by staying up to date with the trend (#DeFi, governance tokens, yield farming, liquidity mining), and buying trending coins, than you will by HODLing solid projects that ""may"" or ""should"" pump ""soon"". $LEND $DMG $AKRO",#DeFi,,0,8,
2020-07-19 15:26:31+00:00,chartkitchen,"We've published an overview of $DMG - DeFi Money Market: Governance. A newcomer in the DeFi space, a potential big player in the future. ",,,13,34,
2020-07-19 11:24:48+00:00,CoinBreeder,CBDAO Governance Dashboard (prototype) is here https://coinbreeder.com/governance-dashboard-prototype/ Farm $BREE for holding $MKR $COMP $BAL $DMG $SNX $AKRO &amp; create your own proposals on the ultimate #DAO sandbox for DeFi researchers and users @cctip_io draw 0.005 ETH 400 #DeFI #ethereum,#DAO #DeFI #ethereum,@cctip_io,44,103,
2020-07-18 13:29:49+00:00,BerlyChain,it is not complete yet for a bullrun but it looks like this at the moment VeChain $VET Holochain $HOT Swipe $SXP Augur $REP Kyber $KNC Decentr $DEC DMM: Governance $DMG Reserve Rights $RSR RUNE(BEP2) $RUNE Unibright $UBT #altseason2020,#altseason2020,,5,41,
2020-07-18 02:00:39+00:00,blinkblink4428,"1) DMM will take your money (ETH, DAI & USDC) & lend it out. In return will give u 6.25% of your investment. DMG are governance token to be use in future to vote. Alot of banks in the world don't give u bank such a high interest in return.",,,0,0,JooseBTC
2020-07-17 16:07:11+00:00,CoinBreeder,To be launched soon! Farm CoinBreeder #DAO ( $BREE Tokens ) with other #DeFi governance assets such as $COMP $BAL $MKR $DMG $SNX $AKRO Staking your $BREE to earn 40% APY (initial staking rates). Learn More @http://coinbreeder.com @cctip_io draw 0.005 ETH 300 #DeFi,#DAO #DeFi #DeFi,@cctip_io,44,93,
2020-07-16 22:11:11+00:00,BerlyChain, VeChain $VET Holochain $HOT Swipe $SXP Augur $REP Decentr $DEC DMM: Governance $DMG Reserve Rights $RSR RUNE(BEP2) $RUNE #cryptocurrency #Altcoins #altseason2020,#cryptocurrency #Altcoins #altseason2020,,5,19,
2020-07-16 18:13:56+00:00,BerlyChain,DMM: Governance $DMG will start trading by OKEx tomarrow. #DMM #OKEx #DeFi #Trading,#DMM #OKEx #DeFi #Trading,,1,6,OKEx
2020-07-16 15:15:05+00:00,cmcal_bot, New DMM: Governance $DMG event! 16 July 2020 OKEx Listing Source: https://coinmarketcal.com/en/event/okex-listing-38167,,,0,3,
2020-07-16 02:20:51+00:00,DMMDAO,The DMM Foundation is proud to announce the $DMG Governance Token is being officially listed on @OKEx The DMG/USDT market opens up this Friday Users will be able to seamlessly enter the #DMMDAO and govern the future of the protocol ,#DMMDAO,@OKEx,147,409,
2020-07-15 23:14:07+00:00,GainsAssociates,"— Postponed @avalancheavax (AVAX) public token sale started today, July 15, 10AM ET — @Coinbase Pro will add support for new order books for Algorand, @chainlink #XRP and @tezos — @OKEx will list Celo and DMM: Governance (DMG) on July 17",#XRP,@avalancheavax @coinbase @chainlink @tezos @OKEx,1,3,
2020-07-15 17:02:14+00:00,cmcal_bot, New DMM: Governance $DMG event! 16 July 2020 AMA Source: https://coinmarketcal.com/en/event/ama-38114,,,1,3,
2020-07-15 13:16:39+00:00,fabergecrypto,"In the wake of DeFi, we need an all round solutions @plutusdefi is that solution providing insurance, privacy, governance and derivatives to users. Lend&amp;Earn with #PlutusDeFi #DeFI #Crypto #Altseason $PLT $MKR $COMP $DMG ",#PlutusDeFi #DeFI #Crypto #Altseason,@plutusdefi,4,8,
2020-07-15 12:58:52+00:00,ICO_Analytics,"OKEx will list Celo (CELO) and DMM: Governance (DMG) on July 17. $DMG Spot Trading - (DMG/USDT market) - 03:00 July 17, 2020 (UTC). $CELO Spot Trading - (CELO/USDT, CELO/BTC markets) - 07:00 July 17, 2020 (UTC). https://help.okex.com/hc/en-us/articles/360045795012-DMM-Governance-DMG-and-Celo-CELO-Now-Available",,,7,26,
2020-07-15 10:47:52+00:00,z0rk11,Take a look at $DXD - token of @Dxdao_ they got 2% off $DMG supply for governance,,@Dxdao_,0,3,Sentti_official
2020-07-15 09:12:20+00:00,jucamongrut,Clearly $DMG Governance ,,,0,6,OKEx
2020-07-14 18:13:47+00:00,linkianapolis,"Check out @DMMDAO and governance token $dmg. 6.25% guaranteed interest on USDC, DAI and ETH. Who knows, maybe $link one day?",,@DMMDAO,0,0,CryptoDustLA
2020-07-14 15:34:24+00:00,vinee202,Next + DMM: Governance ( $DMG ) ,,,0,6,krakenfx
2020-07-13 16:15:42+00:00,deemacbee,Today's dip opportunity is brought to you by $DMG. DMM: Governance DMM: Governance (DMG) $1.28 USD (-14.04%) 0.00013842 BTC (-14.35%) 0.00529276 ETH (-15.42%),,,0,0,
2020-07-13 11:29:26+00:00,blockfyre,New Blockfyre catalyst pick: $DMG @DMMDAO Catalysts: - Significantly retraced - Governance Dashboard (and first votes with it) upcoming - Team / @AlonGoren hinted on upcoming partnerships - Team hinted on upcoming Top Tier exchanges - Team hinted on upcoming staking DYOR,,@DMMDAO @AlonGoren,95,257,
2020-07-13 07:38:15+00:00,Dolomite_io,"We're excited to announce that @DMMDAO's governance token $DMG is now available to trade on #Dolomite! Thanks to market making by #DMM, enjoy tight spreads and sizable liquidity for superior trading! The following pairs are available: • DMG-WETH • DMG-USDC • DMG-DAI",#Dolomite #DMM,@DMMDAO,52,182,
2020-07-12 21:31:11+00:00,tik_tok_47, Governance Participatory Concensus Oriented Accountable Transparent Responsive Effective &amp; Effecient Equitable &amp; Inclusive Follows the Rule of Law $DMG #DeFi #Revolution @DMMDAO $ETH $LINK $FET,#DeFi #Revolution,@DMMDAO,8,30,
2020-07-12 19:06:36+00:00,kdrdecorating,"@get_delta has this bit where I can follow updates from tokens I hold, I need DMM: Governance on #DeltaDirect ASAP, Thanks! #dmmgovernance #dmg $DMG",#DeltaDirect #dmmgovernance #dmg,@get_delta,0,1,
2020-07-12 14:14:50+00:00,AlwaysBeHODLing,"Churning / LeanFIRE / FATFIRE/ RobinHood subs Since $DMG is the governance token of DMM, its price should be reflective of the DMM deposits, as deposits go up, the $DMG token should go up as long as their is an expectation that excess revenue will flow back into $DMG",,,0,3,
2020-07-11 16:08:42+00:00,criptoai,$dmg DMM Governance ,,,1,2,MoonOverlord
2020-07-11 12:26:24+00:00,GodsoeJosh,dmms dmg governance token,,,0,0,binance
2020-07-10 22:30:21+00:00,jucamongrut,$DMG DMM Governance ,,,0,3,HuobiGlobal
2020-07-10 15:25:02+00:00,jucamongrut,"Clearly $DMG Governance token, let's go! #Dmg looks good",#Dmg,,0,3,HuobiGlobal
2020-07-10 15:08:04+00:00,jucamongrut,"Clearly $DMG, lets go! DMM Governance all the way baby ",,,1,18,HuobiGlobal
2020-07-09 22:48:25+00:00,Crypto_Nolt,"Its coming and it will be quite something ! but i couldn't care less waiting honestly, i mean while we wait for the CEX they gave us that $DMG @DMMDAO Governance Dashboard and New Ecosystem Insanely exciting... ",,@DMMDAO,0,11,tik_tok_47
2020-07-09 04:35:18+00:00,penguinmarty, $DMG News - CEX coming and will be announced by that exchange - Staking in pipeline - Governance Dashboard in weeks - Yield Farming soon after that - Onboarding more assests $link $ubt $frm $dxd,,,8,32,
2020-07-09 00:32:42+00:00,cryptomooniac,Some more positive news from $DMG - @DMMDAO Governance Dashboard and New Ecosystem Updates by Zachary Rynes https://link.medium.com/nPlZvNRyX7,,@DMMDAO,0,1,
2020-07-08 22:37:55+00:00,Crypto_addict12,Recap from the $DMG update: Governance Dashboard sneak peek $USDT Support (mUSDT) Aviation industry part of the Assets $DMG Liquidity Farming @DMMDAO $BTC $COMP $BAL $ETH $EOS $QNT $XRP $XTZ $DMM,,@DMMDAO,4,27,
2020-07-08 21:04:40+00:00,xplrIT,New changes to @DMMDAO coming soon! - Governance Dashboard - $USDT support - New asset: Aviation - Possible $DMG liquidity farming Read about all the changes below https://medium.com/dmm-dao/dmm-dao-governance-dashboard-and-new-ecosystem-updates-dfc041dccd9,,@DMMDAO,1,7,
2020-07-08 20:33:15+00:00,LLLuckyL,DMM = DeFi Money Market DMG = DM Governance token,,,0,1,big_a_203
2020-07-08 18:31:57+00:00,CryptoBern,"Wait, $DMG is simply a governance token with no other utility?",,,0,0,
2020-07-08 18:28:05+00:00,krypto_maverick,DMM Ecosystem Updates @DMMDAO The DMMF has been hard at work on some new exciting upcoming features and proposals Governance Dashboard $USDT Support (mUSDT) mToken Debt Ceiling Changes Aviation Asset Support $DMG Liquidity Farming Research https://medium.com/dmm-dao/dmm-dao-governance-dashboard-and-new-ecosystem-updates-dfc041dccd9,,@DMMDAO,2,11,
2020-07-08 18:16:06+00:00,LLLuckyL,“ $DMG have been working on creating an initial version of the governance dashboard to enable DMG governance token holders to put their tokens to use and vote.” More progress in 2 weeks than most teams make in 6 months. Capo out here creating future millionaires. https://twitter.com/DMMDAO/status/1280906316219744262,,,21,66,
2020-07-08 16:47:18+00:00,DMMDAO,#DMM Ecosystem Updates The DMMF has been hard at work on some new exciting upcoming features and proposals Governance Dashboard $USDT Support (mUSDT) mToken Debt Ceiling Changes Aviation Asset Support $DMG Liquidity Farming Research https://medium.com/dmm-dao/dmm-dao-governance-dashboard-and-new-ecosystem-updates-dfc041dccd9,#DMM,,162,460,
2020-07-08 13:34:01+00:00,defimarketcap,".@DMMDAO enters the top 10 in DeFi Market Cap with its $DMG Governance Token $DMG is now listed on @defimarketcap, coming in at #8 with a total market cap of $346M ",,@DMMDAO @defimarketcap,49,136,
2020-07-08 07:32:25+00:00,timeisart3,$dmg governance token and $zil,,,0,1,LunarCRUSH
2020-07-07 20:53:39+00:00,scusimarcus,Hey DMM: Governance did you know you could join @get_delta #DeltaDirect to share your communications directly with us through the app? With notifications! #dmmgovernance #dmg $DMG,#DeltaDirect #dmmgovernance #dmg,@get_delta,0,1,
2020-07-07 18:59:49+00:00,luhosenpai,"the drug that's currently saving people from coronavirus is not dexamethasone C₂₂H₂₉FO₅, it's defi money market: governance, $DMG",,,0,1,
2020-07-07 13:07:00+00:00,blinkblink4428,"DMG is a Governance Token. To earn the 6.5% yield you need to mint either ETH, DAI or USDC.",,,0,1,cryptopaddy4
2020-07-07 06:01:14+00:00,Totoff382,You forgot $DMG #DMM governance @DMMDAO ! ,#DMM,@DMMDAO,0,1,Poloniex
2020-07-06 16:21:16+00:00,RealDonNapola,"$DXD DxDAO offers voting power and revenue from its dApps to DXD holders 10% of $DMG DMM:Governance tokens could potentially be shared amongst DxDAO holders in the future Circulating Supply / Total Supply 24,967 / 124,496 @Dxdao_ @dxDAO_digest @DMMDAO",,@Dxdao_ @dxDAO_digest @DMMDAO,1,6,
2020-07-06 14:39:43+00:00,PixelBloc,Interested in learning more about #DMM and their Governance token $DMG ? Here’s a good overview from @DLTPandu - Definitely a great example of a project that actually bridges real-world data and bring it on chain w/ #Chainlink $link,#DMM #Chainlink,,0,2,timoharings
2020-07-06 13:28:34+00:00,cloudzombi,"When the whole crazy started, I bought a little bag of $DMG and $BAL (but not $COMP - I considered that a train I missed). I prefer using the platforms themselves for interest, than speculate on their governance coins, the value of which is still hard to measure properly...",,,0,1,tradeboicarti16
2020-07-06 11:38:15+00:00,timoharings,more decentralized in the future. Marines know what I'm talking about. DMM is about to announce an incentive program. A type of liquidity farming for people buying the mTokens of DMM to accelerate the growth. They distribute their governance token #DMG thats used to split up DMM,#DMG,,3,48,
2020-07-06 05:24:32+00:00,AbyssTrade,"$DMG is backed by real life assets, such as cars and property tokenized and exposed to the market. MKR is only a token for governance of a defi platform with no physical collateral aside from crypto... DMM will easily dwarf all in the defi industry I feel.",,,1,8,cryptopaddy4
2020-07-05 11:10:56+00:00,DeFi_Duck,"One very promising $ETH based project is @Kleros_io and the $PNK token used for governance. Hasn't seen the parabolic increase others in the #DeFi space have, but don't sleep on it! $DMG $BAL $MKR $KNC $LEND $COMP",#DeFi,@Kleros_io,0,1,
2020-07-04 22:53:52+00:00,tik_tok_47,"New strategy.. Buy first then dyor Governance - Chainlink - Huobi - Coinbase - Tim Draper - Gregory Keough (CIA, Harvard, Mastercard) - Passive income - 6.25% - DeFi - Voting &amp; Staking - Decentralized Autonomous Organizations - Community HYPE $DMG @DMMDAO #DeFi #revolution",#DeFi #revolution,@DMMDAO,10,31,BitStern
2020-07-04 15:31:52+00:00,Crypto_Nolt,Mmmm wondering where it’s heading - Multiple CEX Coming - Staking - Burning ? - Dashboard for Governance within 60 days. - New Real World Assets in the ecosystem within 90 days. - Yield Farming. - @DraperGorenHolm Stealth mode apps $DMG @DMMDAO #Defi Season $LINK,#Defi,@DraperGorenHolm @DMMDAO,16,48,luhosenpai
2020-07-04 15:29:57+00:00,MrDeFi2020,$dmg is the one coin I hodl to never trade #defi #governance #yield,#defi #governance #yield,,1,3,
2020-07-04 13:21:33+00:00,tik_tok_47,"$DMG will mint millionaires. It's a breeding ground for generational wealth. Salute your brothers to the left and to the right of you, You will remember them for a long, long time. Tim Draper - Passive income - GOVERNANCE - Voting &amp; Staking #DeFi #Revolution has begun. @DMMDAO",#DeFi #Revolution,@DMMDAO,2,21,CryptoGodfatha
2020-07-04 11:58:56+00:00,MrDeFi2020,Listed on new exchanges today sir $dmg I look forward to being part or the governance going forward. #defi #sharingiscaring,#defi #sharingiscaring,,0,0,digishahed
2020-07-04 10:08:12+00:00,tik_tok_47,"$DMG @DMMDAO This project is a no brainer. Aka, you don't need to think too much. Tim Draper.. DeFi... Passive income...6.25%...Voting &amp; Staking (GOVERNANCE)... Community engagement (HYPE) Only 1 week &amp; Top volume of IDEX/Uniswap... Most popular coin on coingecko... ",,@DMMDAO,17,56,binance
2020-07-04 06:30:46+00:00,alain_filliol,Love DMM: Governance I was wondering when you can list the updates on #DeltaDirect on @get_delta #dmmgovernance #dmg $DMG,#DeltaDirect #dmmgovernance #dmg,@get_delta,0,1,
2020-07-03 14:32:55+00:00,AkuRypto,I'm still in buy the dip mode on this one. The stable 6.25% interest rates based on real world assets is a first in #DeFi - this thing's governance token $DMG should easily be on par with the likes of $LEND in market cap.,#DeFi,,0,2,investmenthubby
2020-07-03 13:36:22+00:00,PrincipiaXBT,TOP 3 $ALTS on Uniswap that need a custom address to buy: 1. $DMG (DMM Governance) ~ https://app.uniswap.org/#/swap?outputCurrency=0xed91879919b71bb6905f23af0a68d231ecf87b14 2. $STA (Statera) ~ https://app.uniswap.org/#/swap?outputCurrency=0xa7de087329bfcda5639247f96140f9dabe3deed1 3. $XYS (Analysx) ~ https://app.uniswap.org/#/swap?outputCurrency=0xfa91f4177476633f100c59d336c0f2ffad414cba Get em while they're hot,,,2,4,
2020-07-02 21:51:54+00:00,bag_hodler,$DXD with a $5.6M receipt to support $DMG in their distributed governance. #DeFi,#DeFi,,1,3,
2020-07-02 19:07:52+00:00,LunarCRUSH,"We just added DMM Governance to @LunarCRUSH and it's already registering a lot of social activity. Over the last 24 hours there have been 1,486 $dmg social post mentions, putting it at the 19th highest social volume across all of crypto. https://lunarcrush.com/coins/dmg/dmm-governance?metric=social_volume #dmmdao",#dmmdao,@LunarCRUSH,42,137,
2020-07-02 17:46:50+00:00,DMMDAO,We will be soon transfering the @Dxdao_ their share of $DMG governance tokens now that the public sale has completed The DXdao will help aid in the decentralization of the #DMMDAO and ensure the maximum success of the DMM Ecosystem and Governance system as a whole,#DMMDAO,@Dxdao_,88,326,
2020-07-02 13:36:39+00:00,0WolfofCrypto0,What is the next #DeFi governance token to have a #IDO I have some $COMP profits and it needs to be parked somewhere currently winning BIG with $DMG need to diversify talk to me #DeFi army. $BTC $ETH $VET,#DeFi #IDO #DeFi,,0,0,
2020-07-02 10:25:53+00:00,muha2014a,@digishahed @bigtop0071 $DMG DMM: Governance a coin almost doubled from 1$to 2$in 4 days i won't be surprised when I see 6$in the next months.,,@digishahed @bigtop0071,0,4,
2020-07-02 08:11:47+00:00,DanieHustl,"Guys Buy DMM: Governance token on Uniswap... It's the most trending DEFI project ..... Don't FOMO ooo Buy it now....Don't sleep on it now....I has been bullish ...it's backed by coinbase , Tim Draper , Huobi . .....it will be listed on Huobi Exchange soon #dmm #dmg",#dmm #dmg,,1,9,
2020-07-02 07:18:30+00:00,VarunBajajEsq,Think it’s $DXD as they are an integral part of the $DMG ecosystem since they are being paid for their governance and decentralization Not to mention it’s circulating supply is like 22k with a max supply of around 128k. I mean nothing is certain but that is a buy for me,,,0,8,Bullrun_Gravano
2020-07-02 04:23:35+00:00,bag_hodler,Look into $DXD if you haven’t already. They own 2% of $DMG tokens for help with governance. That alone is currently worth 4x the market cap ,,,0,0,TheCryptoJew144
2020-07-01 21:44:17+00:00,marwolwarl,Great AMA! @DMMDAO $DMG #DeFi CEX is coming shortly. Dashboard for Governance within 60 days. New Real World Assets in the ecosystem within 90 days. Team is working on Staking. Team is working on Yield Farming. ,#DeFi,@DMMDAO,5,24,
2020-07-01 19:12:32+00:00,luhosenpai,I sacrifice 3 $ETH and Market Buy DMM: Governance ( $DMG )! #cringe #stopitplease #notstoppinguntil10dollar,#cringe #stopitplease #notstoppinguntil10dollar,,0,3,
2020-07-01 17:06:09+00:00,Ninjatron1,"My favorite projects: #Cardano $ADA, #Vechain $VET, #DMM Governance $DMG, #Elrond $ERD, Plair $PLA. #Crypto #blockchain #investing #technology #defi #altcoin #ico",#Cardano #Vechain #DMM #Elrond #Crypto #blockchain #investing #technology #defi #altcoin #ico,,0,1,
2020-07-01 14:43:50+00:00,SquawkCrypto,"Top movers are Ampleforth $AMPL (chartL) and DMM: Governance $DMG (chartR) which has soared 35.83% since midnight. Over the last 24 hours, NWST1100 has risen by 0.94%, Bitcoin $BTC by 0.93%, and Ether $ETH even by 1.58%. http://2100news.com/2020/07/01/movers-of-the-day-1-july/ #crypto #cryptotrading #CryptoNews",#crypto #cryptotrading #CryptoNews,,0,1,
2020-07-01 14:06:01+00:00,Casteleah_E,"hey @CryptoMCap i really love your app, could you add $dmg support @DMMDAO governance token. i use @coingecko for price refference atm. coingecko is nice but i can't zoom in or use hourly chart. thnx and keep up the good work!",,@CryptoMCap @DMMDAO @coingecko,0,1,
2020-07-01 11:49:48+00:00,Zenong5,"$DMG $DEFI #DMG DMM Foundation An organization with the involvement of a unique mix of seasoned global experts in Fintech, DeFi, Venture Capital, Governance, Legal &amp; Regulatory and Academia.",#DMG,,0,30,HuobiGlobal
2020-07-01 11:22:00+00:00,newtonlyf,$DMG AMA: CEX is coming shortly. Dashboard for Governance within 60 days. New Real World Assets in the ecosystem within 90 days. Team is working on Staking. Team is working on Yield Farming. Many New partnerships coming soon. $Dmg $Dmm $Bal $Snx $Comp $Lend,,,0,13,
2020-07-01 11:08:59+00:00,Dave_Jonez_02,$DMG and $DXD both performing well again today. The next hyped #defi governance token hype may be @CurveFinance's.,#defi,@CurveFinance,0,7,
2020-07-01 10:48:11+00:00,Crypto_addict12,Recap from the $DMG AMA: CEX is coming shortly. Dashboard for Governance within 60 days. New Real World Assets in the ecosystem within 90 days. Team is working on Staking. Team is working on Yield Farming. @DMMDAO $BTC $COMP $BAL $ETH $EOS $QNT $XRP $XTZ $DMM,,@DMMDAO,92,241,
2020-07-01 10:46:40+00:00,DappRadar,"The @DMMDAO governance token is #DMG. Within 9 days of existence, the value of the #DMG already increased by 180% and seems to be further increasing. Report: https://dappradar.com/blog/the-most-traded-pairs-on-dex-right-now",#DMG #DMG,@DMMDAO,3,10,
2020-07-01 10:40:04+00:00,billions_crypto,Anyone not in $DMG @DMMDAO yet? Recap from the AMA: - CEX is coming - Dashboard for Governance within 60 days. - New Real World Assets in the ecosystem within 90 days. - Team is working on Staking - Team is working on Yield Farming,,@DMMDAO,0,1,
2020-07-01 07:18:38+00:00,Casteleah_E,if u looking for a short term investment (to have more link. buy $dmg the governance token of dmmdao,,,0,1,Casteleah_E
2020-07-01 05:03:51+00:00,BitStern,"2/ $DMG AMA summary - Huobi partnership, does not mean exchange listing only - importance of decentralized autonomous organization - new asset within 90 days - governance dashboard within 60 days - CEX is coming",,,0,2,
2020-07-01 03:34:05+00:00,mrcgp,"DMM: Governance, would love to follow your updates via @get_delta Direct &lt;3 #dmmgovernance #dmg $DMG",#dmmgovernance #dmg,@get_delta,0,0,
2020-07-01 02:51:55+00:00,z0rk11,Few realize this: 2% of $DMG supply (Governance token of $DMM) allocated to @Dxdao_ is bigger than entire $DXD MCap.,,@Dxdao_,0,4,
2020-06-30 22:24:49+00:00,Mrdoncrypto,$dmg Token burn confirmed!!! &gt; Will governance be turned over to the DAO in phases of some sort? What are the first governance decisions that you forsee the DAO facing? &lt;@!582012085417017380&gt; It'll happen quite quickly because of the nature of the Compound fork we did and,,,0,0,
2020-06-30 21:31:14+00:00,AkuRypto,"$KAVA is likely a bigger deal than $DMG in the long run imo. $DMG is a #DeFi governance token that bridges in real world assets. $KAVA is the beginning of #DeFi 2.0 on #Cosmos. Medium term, I expect $DMG to pump harder though. They're both solid af projects!",#DeFi #DeFi #Cosmos,,0,2,
2020-06-30 14:26:53+00:00,dExplain_com,DMM: Governance (DMG) is up by over 172% the last 7-days. @DmmDAO Over 2075 swaps within the last 24 hours. #DeFi https://www.dexplain.com/market/7201/3817/dmm-governance/wrapped-ether Take a look at those charts! #Bullish $DMG ,#DeFi #Bullish,@DMMDAO,0,5,
2020-06-30 13:49:26+00:00,sadullah_m,$DMG to be next please. Best Defi project is DMM: Governance (DMG),,,0,6,cz_binance
2020-06-30 12:36:46+00:00,ste2phen,@HuobiWallet What time are you listing #DMG dmm governance token?,#DMG,@HuobiWallet,0,0,
2020-06-30 10:29:20+00:00,RobHackneyEsq,"Something more along the lines of @DMMDAO #DMM Money Market, forked from compound and backed by big financiers but governed by the community via $DMG (governance token)",#DMM,@DMMDAO,0,1,AdamScochran
2020-06-30 09:52:41+00:00,timeisart3,DeFi Money Market (DMM): DMG Governance Token by DMM Foundation ,,,2,3,
2020-06-30 06:58:13+00:00,Juan_Snow1,The $DMG Governance token for the @DMMDAO is missing. Binance is missing out on the current #1 DeFi token in terms of 7-day volume on Uniswap ($18m+). The team is working closely with @chainlink to bring real world assets to the blockhain. https://uniswap.info/home #DMMDAO $DMG ,#DMMDAO,@DMMDAO @chainlink,13,115,cz_binance
2020-06-30 04:18:50+00:00,ChapoZero,"Look what happened to $COMP. If you are interested here is the article explaining $DMG, which is the governance token of Defi Money Market (DMM). https://medium.com/dmm-dao/defi-money-market-dmm-dmg-governance-token-491c9a62c6bf",,,0,3,cryptohodlr2025
2020-06-29 23:16:39+00:00,SquawkCrypto,"Since 6 pm DMM: Governance $DMG has soared 20.39% (chtL) and Davinci Coin $DAC 15.35% (chtR). Cypto markets ended in green. 2100NEWS DA Indexes ended up to 4.13%. Bitcoin end Ether also ended higher: $BTC +1.18%, $ETH +1.85%. http://www.2100news.com/2020/06/29/movers-of-the-day-29-june/ #crypto #cryptotrading",#crypto #cryptotrading,,0,1,
2020-06-29 23:08:56+00:00,LunarCRUSH,DMM Governance Token has been added to @LunarCRUSH! Track $dmg social activity in real-time at https://lunarcrush.com/coins/dmg/dmm-governance?interval=1%20Day AltRank™ Galaxy Score™ Shared Links Social Volume Social Contributors Social Engagement Social Dominance Sentiment Influencers Spam #defi #dmmdao,#defi #dmmdao,@LunarCRUSH,57,157,
2020-06-29 22:55:47+00:00,AbeHudepohl,DMM: Governance (DMG) $1.29 44.5% $dmg its haaaaappening!!,,,0,0,
2020-06-29 20:00:24+00:00,digiknowassets,Step 6. This is where I had to figure out why the $DMG token wasn't in the drop down list. Go to http://etherscan.io and search for DMG. Choose the DMM: Governance token. ,,,1,0,digiknowassets
2020-06-29 17:20:56+00:00,digiknowassets,I went in heavy on $DMG. I've read up on the governance model and really like what @DMMDAO is doing. Even if the used car and real estate markets crashed they would still easily cover 6.5% interest on loaned tokens. ,,@DMMDAO,1,4,TheEyeofQNT
2020-06-29 15:43:44+00:00,Crypt0_Gemhunt,"You missed the $dmg train and you like #DeFi ? Check out another Governance project $akro @akropolisio it's only $4.6 mil MC. Mainnet with WORKING PRODUCT is ""probably"" going to launch anytime now under ETH network. ",#DeFi,@akropolisio,2,5,
2020-06-29 14:50:26+00:00,linkchainlink,"No, if they offer it (hope they do) you wouldn't need $DMG. It's the governance token of DMM, you can vote for : -coin burns decreasing supply, increasing price -where to spend money (regions/asset classes) -what to do with additional interest fees over 6.25%",,,0,4,OracleHershiser
2020-06-29 14:00:56+00:00,Whaler2020,DMM: Governance (DMG) New ATH on @UniswapProtocol $DMG #HODL #Coinbase #Houbi #Binance @ReySantoscrypto,#HODL #Coinbase #Houbi #Binance #Binance,@UniswapProtocol @ReySantoscrypto,1,14,
2020-06-29 13:25:18+00:00,luhosenpai,that's why you should list $DMG DMM: Governance,,,0,11,cz_binance
2020-06-29 12:39:23+00:00,Frenchy_LeDegen,Seems like the #DeFi guys love governance and yielding? How about something well better established with governance and an average of 7% roi per year and that will be here in many years to come ? #DECRED $COMP $DMG $SNX $REN $RUNE,#DeFi #DECRED,,0,10,
2020-06-29 03:42:27+00:00,RealDonNapola,$DMG DMM: Governance could be big in a year from now ,,,0,1,Bullrun_Gravano
2020-06-28 22:01:42+00:00,RealDonNapola,$DMG DMM: Governance ,,,5,15,DefNotTheIRS
2020-06-28 17:42:29+00:00,KatsRider,2)The DMG token is a fork of Compound’s COMP governance token (featuring native delegation and vote weighting) with added capability such as meta-transaction support and a native burn function.,,,1,3,KatsRider
2020-06-28 16:41:30+00:00,linkchainlink,I brought a stack of $DMG. The governance token of @DMMDAO a Chainlink partner offering 6.25% on usdc/eth/dai -All on chain -Loans over collateralised -Solid team -$23 MIL mcap Look into it but DO NOT sell your $LINK or take out a high risk loan to buy. Long term play for me,,@DMMDAO,20,78,
2020-06-28 16:24:13+00:00,FinancierLord,"$DMG - takes real world assets that earn a yield and allows people to invest in them on chain, earning a yield. DMG is the governance token and is entitled to excess yield from the real world assets. Has been number one volume on uniswap, already working product",,,0,3,cz_binance
2020-06-28 13:08:16+00:00,LeechCrypto,"Revolutionary what's been created with @Geeq. I invested in $ubt, $cel, $Dmg... I can see this platform being adopted by big data, ai, deFi, and many other industries. They can even create their own chain, parallel to Geeq's Proof of Honesty, and dictate there own governance. ",,@GeEQ,1,5,GeeqOfficial
2020-06-28 06:06:23+00:00,MrDeFi2020,$dmg the dmm governance token. Dold out within 48hrs,,,0,1,BBhodler
2020-06-28 00:54:02+00:00,DMMDAO,"We want to thank the entire #DMM community on the successful public sale of the $DMG governance token! Below is a recap of the sale and the distribution of DMG, our goal is to ensure the long term sustainability and decentralization of the DMM DAO ",#DMM,,57,242,
2020-06-28 00:11:46+00:00,jdm_crypto_boy,"The moneys going into #derivatives, short term. Dont panic, just another casual investment to boost us long term. $DMG (DMM) is Defi's new governance token. They are moon pilled $LINK based #Smartcontacts. #DeFi #Chainlink #DeFicoin #DeFiMoneyMarket #GovernanceToken #DMM",#derivatives #Smartcontacts #DeFi #Chainlink #DeFicoin #DeFiMoneyMarket #GovernanceToken #DMM,,1,3,All_Things_Vain
2020-06-27 15:51:58+00:00,BBhodler,My bad. $DMG Dmm governance,,,0,0,BitStern
2020-06-27 12:00:50+00:00,timeisart3,its a roller coaster! Just picked up some DMG governance token also. It could be on the same path as COMP,,,0,0,MostertHantus
2020-06-26 21:53:22+00:00,batgemshunter, Governance $DMG Earn Consisitent Interest Backed by Real-world Income Generating Assets All Assets Viewable On-Chain Overcolateralized #Chainlink Oracles to Visualize the Health of #DMM Ecosystem Token Burns Voting &amp; #staking,#Chainlink #DMM #staking,,2,9,
2020-06-26 19:52:24+00:00,tik_tok_47, Governance $DMG Earn Consisitent Interest Backed by Real-world Income Generating Assets All Assets Viewable On-Chain Overcolateralized Chainlink Oracles to Visualize the Health of #DMM Ecosystem Token Burns Voting &amp; Staking https://blockfyre.com/defi-money-market-dmg/ $ETH $LINK,#DMM,,35,84,
2020-06-26 10:47:03+00:00,bigtop0071,Would really like to see updates from DMM: Governance on @get_delta via their feature #DeltaDirect #dmmgovernance #dmg $DMG,#DeltaDirect #dmmgovernance #dmg,@get_delta,0,0,
2020-06-26 00:22:45+00:00,HungryToilet, DMM: Governance would be awesome to get your updates on my @get_delta app #DeltaDirect so I an be up to date with your developments #dmmgovernance #dmg $DMG,#DeltaDirect #dmmgovernance #dmg,@get_delta,0,0,
2020-06-25 20:48:59+00:00,luhosenpai,"-car loans tokenized on the blockchain -journey towards decentralized governance -6.25% yield farming -Twitter's little brother -tim draper -coinbase/huobi -chainlink Defi Money Market: Governance. do not worry, $dmg will outperform and 10x+. IKUZO!!!! ",,,0,7,
2020-06-25 19:11:45+00:00,KryptoDaly,nice...now drop that $DMG governance token doeee,,,0,6,binance
2020-06-25 17:10:45+00:00,untoad,$DMG DMM Governance,,,0,2,HuobiGlobal
2020-06-25 16:55:39+00:00,luhosenpai,"Dear noobs DMM: Governance $dmg is NOT naturally going down. It is being pushed down via whales placing spoofy sell orders on exchanges to make noobs and risk managers sell to ""buy back lower"". They are stealing your bags and will make you buy back at a higher price - senpai ",,,2,9,
2020-06-25 16:26:25+00:00,DMMDAO,"Additionally, 1inch has also listed the $DMG governance token enabling users to swap in and out of the #DMMDAO Ecosystem at the lowest slippage possible by aggregating liquidity from a multitude of DEXs on Ethereum The Money LEGO thesis is real",#DMMDAO,,18,101,
2020-06-25 02:16:56+00:00,DMMDAO,"Also of note, $DMG currently accounts for 25% of @UniswapProtocol's past 24hr volume and we haven't even deposited liquidity yet The first DMM DAO governance vote using $DMG is set to take place in the near future The future of #DeFi looks bright indeed",#DeFi,@UniswapProtocol,31,114,
2020-06-24 23:39:55+00:00,noahseidman,"I take it back, $dmg is the $mEth deal. Yes, big deal! Buying governance tokens isn't on my radar at all, but using DMM for yield absolutely is on my radar.",,,0,4,penguinmarty
2020-06-24 19:19:14+00:00,MessariCrypto,DeFi Money Market raised $6.5M in token sale + $DMG token is a fork of COMP and represents governance rights over the network + DMM is backed by @TimDraper,,@TimDraper,6,43,
2020-06-24 17:22:32+00:00,CryptoCotton,DMM: Governance Do you know when you will be added to #DeltaDirect from @get_delta ? :D #dmmgovernance #dmg $DMG,#DeltaDirect #dmmgovernance #dmg,@get_delta,0,0,
2020-06-24 17:18:06+00:00,kogayon39,DeFi Money Market (DMM): DMG Governance Token by DMM Foundation ,,,0,0,
2020-06-24 10:07:21+00:00,jakalonn,Dmg yani Dmm governance token.,,,0,1,Cumhur1234567
2020-06-24 09:48:57+00:00,Juan_Snow1,"For more information on the @DMMDAO and the $DMG Governance token, check out the article below. The team is working closely with the @chainlink team to bring real world assets to the blockhain. #DMMDAO #Chainlink https://medium.com/dmm-dao/defi-money-market-dmm-dmg-governance-token-491c9a62c6bf",#DMMDAO #Chainlink,@DMMDAO @chainlink,2,22,
2020-06-24 09:46:14+00:00,Juan_Snow1,Congrats to the @DMMDAO for a very successful Public Sale for their $DMG Governance token. The team raised over $6.5m in less than 48hrs. The sale just ended about an hour ago and the volume on @UniswapProtocol has been insane! Top 2 in volume only behind $COMP,,@DMMDAO @UniswapProtocol,28,116,
2020-06-24 08:16:15+00:00,era_1979,DMMDAO Governance token DMG. Public sale almost over. ,,,0,0,boxmining
2020-06-24 04:50:27+00:00,cryptoanuran,"$UMA - kind of like $SNX $AMPL - adaptive money, hard to explain, see @AmpleforthOrg $RSR - those backers, that mission... $DXD - decentralized governance $DMG - DeFi commodities $AST - low cap DeFi exchange, now run by @Consensys $CHI - tokenized $ETH gas for @1inchExchange",,@AmpleforthOrg @Consensys @1inchExchange,5,30,boxmining
2020-06-24 01:23:53+00:00,Aloxa18,$DMG governance ,,,0,1,coingecko
2020-06-23 21:53:54+00:00,defipicks,"Just purchased DMG. It is DefiMoneyMarket's governance token. It gives the right to excess revenue of all assets on the platform. Which is 5.5% currently. DMG holders can vote to take revenue, develop the platform, or buy more assets. Learn here: http://defipicks.com/2020/06/22/defi-money-market-review-bringing-physical-assets-into-defi/",,,0,1,
2020-06-23 20:05:38+00:00,ChainlinkBull,2/ mTokens are the safest place to get yield depending on the increasing of trust in DMMF which is ongoing and increasing decentralization through governance with $DMG Hats off to the team for building a critically important primitive and what will become an absolute behemoth,,,3,35,
2020-06-23 19:37:00+00:00,timoharings,"ELI5 to DMG: It's the governance and staking token for the big guys who want to onboard new assets. As higher quality the assets and therfore more revenue, as more value the DMG token price appreciates as these guys get everything DMM earns above 6.25%",,,2,13,kvnbelanger
2020-06-23 19:11:18+00:00,CryptoDavid_,Haven't done my due diligence on $DMG (aka DMM Governance token) yet. Plan to do it this weekend. I know how DMM roughly works since I took a look to it for adding it in the community fact sheet but my knowledge is tiny. Any resource will be great for deep diving it. Thx frens,,,0,7,kvnbelanger
2020-06-23 18:16:28+00:00,MatrixCryptos,What about dmg token for new dmm defi governance token,,,0,0,ReySantoscrypto
2020-06-23 16:27:19+00:00,re_CPhoenix,$DMG token model↓ Tim Draper (@TimDraper) sees potential in DeFi and invests in a new DAO governance platform called #DMM DAO .@DMMDAO DYOR! #defi #CryptoNews #Bitcoin,#DMM #defi #CryptoNews #Bitcoin #Bitcoin,@TimDraper @DMMDAO,2,4,
2020-06-23 16:23:25+00:00,BitcoinAkira,Top 3 by Trading Volume @UniswapProtocol v2 1. $COMP Compound 2. $USDC 3. $DMG DMM: Governance ,,@UniswapProtocol,0,3,
2020-06-23 10:38:50+00:00,electricbuffoon,Anyone bought $DMG #DMM governance token on #Uniswap ? I’m trying to dip my toe but can’t see the token listed on uniswap. What am I doing wrong??,#DMM #Uniswap,,0,0,
2020-06-23 04:59:13+00:00,BitcoinAkira,The $DMG token is a fork of Compound’s $COMP governance token (featuring native delegation and vote weighting) with added capability such as meta-transaction support and a native burn function.,,,0,1,
2020-06-23 03:42:55+00:00,dForcenet,"Governance tokens are all the rage now, from $COMP to $DMG. Are we seeing the move from #DeFi to #DeGov?",#DeFi #DeGov,,1,2,DMMDAO
2020-06-23 01:40:48+00:00,Juan_Snow1,The @DMMDAO's Public Sale for the $DMG Governance token went live this morning and the team did something I've never seen done before in crypto ICO's. A certain amount of people got scammed for $40k during the sale and the DMM Foundation ended up taking the hit and made it right. ,,@DMMDAO,2,21,
2020-06-22 20:36:35+00:00,ChainLinkGod,The $DMG governance token public sale has just went live today on two DEXs http://dmg.defimoneymarket.com http://mesa.eth.link Hint: the token is a fork of $COMP but actually has revenue through token burns initiated by the DMM DAO community ,,,4,42,
2020-06-22 19:40:17+00:00,cryptow1re,reddit : DeFi Money Market ($DMM): DMG Governance Token http://zpr.io/HnsGW,,,0,0,
2020-06-22 19:39:55+00:00,cryptow1re,#ethtrader : DeFi Money Market ($DMM): DMG Governance Token ,#ethtrader,,0,0,
2020-06-22 17:46:29+00:00,AlwaysBeHODLing,DefiMoneyMarket governance token (DMG) to be listed on one of the following: Huobi / Coinbase / Bittrex / Binance before the end of 2020 Current price = $0.45 (uniswap) Huobi / Bittrex = +$0.15 Binance = +$0.30 Coinbase = +$0.45,,,0,0,
2020-06-22 17:04:46+00:00,DigitalAlpha_,"The current trend is DeFi. The next shift is governance. I believe the space is mature enough (well, mostly) for DAOs. $COMP has paved the way. Its just a matter of time of time now. Bring on the DAO frenzy. $DXD $DMG @Dxdao_ @DMMDAO",,@Dxdao_ @DMMDAO,0,3,
2020-06-22 16:57:24+00:00,ravi76939462,DeFi Money Market (DMM): DMG Governance Token by DMM Foundation https://link.medium.com/CiI4aOfsl7,,,0,0,
2020-06-22 16:41:41+00:00,timoharings,"Yes, I bought heavily into DMG, the governance token to DMM that manages onboarding of new assets and appreciates in value by excessive revenue. Secured my bag in the presale and added more at the public sale today. Current marketcap is around 11.25 million ",,,5,30,timoharings
2020-06-22 13:26:57+00:00,kyle_cemate,Check out my latest Letta about the @DMMDAO DMG token and why governance tokens are the next big thing #defi,#defi,@DMMDAO,0,0,
2020-06-22 13:06:07+00:00,DMMDAO,The $DMG governance token public sale is now live! The DMM Foundation is initiating this sale as an Initial DEX Offering (IDO) across two decentralized exchanges http://dmg.defimoneymarket.com http://mesa.eth.link More information below ,,,53,180,
2020-06-22 08:26:49+00:00,jud4sh,"Bro, $DXD is going places. Don't miss it Bonding curve keeping price up Community governance model $DXD holders get commissions from @Dxdao_ dapps It also gets an allocation of 2% of $DMG",,@Dxdao_,0,3,j0hnnyw00
2020-06-21 21:53:17+00:00,cryptowookiee,@DMMDAO $DMG $DXD will be the governance token!,,@DMMDAO,0,2,d_eleye
2020-06-21 20:21:07+00:00,AlertTrade,CryptoMoonShots : DMG - DMM DAO governance token http://dlvr.it/RZ4w47 via ⟶ http://freetrade.pw √,,,3,2,
2020-06-21 19:09:52+00:00,jud4sh,"@Dxdao_ was granted a 2% allocation of $DMG tokens. Market Cap still at $2,351,697 If you still don't understand how BIG $DXD as a governance token is... Welcome to REKTVILLE. This is your ticket. Don't miss it. #DeFi $ETH $BTC $MKR $SNX $LINK $ANT $ANJ $KNC",#DeFi,@Dxdao_,4,11,
2020-06-21 16:28:25+00:00,tik_tok_47, DeFi Money Market DMM: Governance $DMG Partners: Coinbase Chainlink Huobi Total supply: 250 million Circulating supply: 25 million(after the conclusion of distribution 22nd June 2020) Valuation: $10 billion dollars MC ($500+) next bull run #DeFi $DXD,#DeFi,,13,32,
2020-06-21 10:34:58+00:00,RBCRMN18,DeFi Money Market (DMM): DMG Governance Token by DMM Foundation https://link.medium.com/CiI4aOfsl7,,,0,0,
2020-06-20 11:06:59+00:00,IcoinXCrypto,"$DXD Why Holding DXD it means you get a piece of everything that DXD is paid for. the fact is $DMG pay DXD 2% for their decentralization and governance, combine that with their low market and DMG won't be the only one to pay DXD for its services $DXD will fly same as $MKR",,,4,22,
2020-06-20 08:26:43+00:00,nirajhodler,Another #DeFi gem $DMG Governance token of DMM defimoneymarket being launched. #DeFi space getting hot Public sale on 22nd June,#DeFi #DeFi,,7,24,
2020-06-20 06:28:01+00:00,jud4sh,Don’t forget that $DXD gets 2% of $DMG for its governance . Send it,,,1,13,LLLuckyL
2020-06-20 02:47:38+00:00,CryptoZealot1,Be smart with where you put your money. $DMG is paying $DXD @Dxdao_ 2% for the decentralization and governance structure that DXD offers. $DMG won't be the only one who does. $DMG: 109M mcap. $DXD: 2.4M mcap. $DMG $DXD $BNT $AAVE $LRC $MKR $COMP $BNT #DeFi,#DeFi,@Dxdao_,0,7,
2020-06-19 13:25:50+00:00,LLLuckyL,I really wish someone shilled the DeFi Money Market Governance Token $DMG @DMMDAO token at $0.25 in the private sale. This shit is going to blow up. Here to collect my clout when it does. DeFi + DAO + Chainlink + Coinbase + Huobi + Draper backing https://docs.google.com/document/d/1HaR_twza6oxegvWSNNwzSfyK322U7SV1VNDWDV2k-aM/edit,,@DMMDAO,4,24,
2020-06-19 01:17:48+00:00,Juan_Snow1,The @DMMDAO is also launching their own governance token. Additional information on the DMG governance token can be found below. The tokenomics are solid. https://medium.com/dmm-dao/defi-money-market-dmm-dmg-governance-token-491c9a62c6bf,,@DMMDAO,0,3,Juan_Snow1
2020-06-18 21:46:40+00:00,Juan_Snow1,Great read on the @DMMDAO and their $DMG governance token for those interested. https://medium.com/dmm-dao/defi-money-market-dmm-dmg-governance-token-491c9a62c6bf,,@DMMDAO,0,1,LilMoonLambo
2020-06-18 06:29:00+00:00,FoZo6kBSydcjUoq,DeFi Money Market (DMM): DMG Governance Token by DMM Foundation ,,,0,0,
2020-06-17 01:41:48+00:00,Juan_Snow1,The tokenomics of the $DMG governance token are super bullish. ,,,0,2,Juan_Snow1
2020-06-16 22:00:39+00:00,Juan_Snow1,Congratulations to the @DMMDAO! Perfect timing with the Public Sale for the DMMDAO Governance token ($DMG) right around the corner (June 22nd) *powered by @chainlink #DMMDAO #Chainlink,#DMMDAO #Chainlink,@DMMDAO @chainlink,0,20,DMMDAO
2020-06-15 19:16:36+00:00,ScottPorterJ,DeFi Money Market (DMM): DMG Governance Token http://dlvr.it/RYhS15,,,1,1,
2020-06-15 16:51:01+00:00,DMMDAO,The DMM Foundation is proud to announce the DMG Governance Token Decentralization through community participation is key to the success of the DMM DAO Below is more info on the governance structure and how $DMG is the key to making this a reality https://medium.com/dmm-dao/defi-money-market-dmm-dmg-governance-token-491c9a62c6bf,,,74,261,
2020-06-13 07:16:37+00:00,Juan_Snow1,"Below you'll find detailed information on the DMG governance token, which includes: token burns, voting, staking for asset introduction (tokens will be locked up), and country blocks (which could bring in additional revenue stream). The DMMDAO public sale is on June 22nd.",,,0,1,
2020-06-13 07:15:18+00:00,Juan_Snow1,1/ The @DMMDAO raised $2-million in their presale for their DMG Governance token in 10 days with little to no marketing. The team is working with @Chainlink to bring real world assets to the blockchain to be used as collateral for real world loans. #DMMDAO #Chainlink #DMG #LINK,#DMMDAO #Chainlink #DMG #LINK,@DMMDAO @chainlink,1,24,
2020-04-14 16:58:22+00:00,DMMDAO,The DeFi Money Market Foundation has submitted a proposal to the @Dxdao_ which will grant their 400 member DAO an allocation of $DMG governance tokens to help govern and decentralize the DMM DAO! ,,@Dxdao_,4,21,
2020-03-18 16:25:14+00:00,DMMDAO,".@DraperGorenHolm Ventures, the leading fintech VC fund focusing on early-stage blockchain startups, has purchased a stake in the form of $DMG — the soon-to-be-released governance token that will run the #DMM DAO",#DMM,@DraperGorenHolm,2,13,
